Copyright 1986-2022 Xilinx, Inc. All Rights Reserved.
--------------------------------------------------------------------------------------------------------------------------------------------------
| Tool Version : Vivado v.2022.1 (win64) Build 3526262 Mon Apr 18 15:48:16 MDT 2022
| Date         : Sun Sep 13 18:15:55 2026
| Host         : CaoHonghao running 64-bit major release  (build 9200)
| Command      : report_utilization -hierarchical -file D:/FPGAup/vivado_optimization/reports/optimized_implementation/post_route_utilization.rpt
| Design       : design_1_wrapper
| Device       : xc7z020clg400-1
| Speed File   : -1
| Design State : Routed
--------------------------------------------------------------------------------------------------------------------------------------------------

Utilization Design Information

Table of Contents
-----------------
1. Utilization by Hierarchy

1. Utilization by Hierarchy
---------------------------

+-----------------------------------------------------------------------------------+-----------------------------------------------------------------------------------+------------+------------+---------+------+------+--------+--------+------------+
|                                      Instance                                     |                                       Module                                      | Total LUTs | Logic LUTs | LUTRAMs | SRLs |  FFs | RAMB36 | RAMB18 | DSP Blocks |
+-----------------------------------------------------------------------------------+-----------------------------------------------------------------------------------+------------+------------+---------+------+------+--------+--------+------------+
| design_1_wrapper                                                                  |                                                                             (top) |       3725 |       3501 |      18 |  206 | 4695 |     26 |      2 |          3 |
|   (design_1_wrapper)                                                              |                                                                             (top) |          0 |          0 |       0 |    0 |    0 |      0 |      0 |          0 |
|   design_1_i                                                                      |                                                                          design_1 |       3725 |       3501 |      18 |  206 | 4695 |     26 |      2 |          3 |
|     (design_1_i)                                                                  |                                                                          design_1 |          0 |          0 |       0 |    0 |    0 |      0 |      0 |          0 |
|     axi_dma_0                                                                     |                                                              design_1_axi_dma_0_0 |       1322 |       1216 |       8 |   98 | 1908 |      2 |      0 |          0 |
|       (axi_dma_0)                                                                 |                                                              design_1_axi_dma_0_0 |          0 |          0 |       0 |    0 |    0 |      0 |      0 |          0 |
|       U0                                                                          |                                                      design_1_axi_dma_0_0_axi_dma |       1322 |       1216 |       8 |   98 | 1908 |      2 |      0 |          0 |
|         INCLUDE_MM2S_SOF_EOF_GENERATOR.I_MM2S_DMA_MNGR                            |                                            design_1_axi_dma_0_0_axi_dma_mm2s_mngr |         14 |         14 |       0 |    0 |   76 |      0 |      0 |          0 |
|           (INCLUDE_MM2S_SOF_EOF_GENERATOR.I_MM2S_DMA_MNGR)                        |                                            design_1_axi_dma_0_0_axi_dma_mm2s_mngr |          0 |          0 |       0 |    0 |    1 |      0 |      0 |          0 |
|           GEN_MM2S_DMA_CONTROL.GEN_SIMPLE_DMA_MODE.I_MM2S_SMPL_SM                 |                                          design_1_axi_dma_0_0_axi_dma_smple_sm_29 |          8 |          8 |       0 |    0 |   65 |      0 |      0 |          0 |
|           GEN_MM2S_DMA_CONTROL.I_MM2S_CMDSTS                                      |                                       design_1_axi_dma_0_0_axi_dma_mm2s_cmdsts_if |          5 |          5 |       0 |    0 |    7 |      0 |      0 |          0 |
|           GEN_MM2S_DMA_CONTROL.I_MM2S_STS_MNGR                                    |                                        design_1_axi_dma_0_0_axi_dma_mm2s_sts_mngr |          1 |          1 |       0 |    0 |    3 |      0 |      0 |          0 |
|         INCLUDE_S2MM_SOF_EOF_GENERATOR.I_S2MM_DMA_MNGR                            |                                            design_1_axi_dma_0_0_axi_dma_s2mm_mngr |         28 |         28 |       0 |    0 |  104 |      0 |      0 |          0 |
|           (INCLUDE_S2MM_SOF_EOF_GENERATOR.I_S2MM_DMA_MNGR)                        |                                            design_1_axi_dma_0_0_axi_dma_s2mm_mngr |          0 |          0 |       0 |    0 |    1 |      0 |      0 |          0 |
|           GEN_S2MM_DMA_CONTROL.GEN_SIMPLE_DMA_MODE.I_S2MM_SMPL_SM                 |                                             design_1_axi_dma_0_0_axi_dma_smple_sm |          8 |          8 |       0 |    0 |   65 |      0 |      0 |          0 |
|           GEN_S2MM_DMA_CONTROL.I_S2MM_CMDSTS                                      |                                       design_1_axi_dma_0_0_axi_dma_s2mm_cmdsts_if |         19 |         19 |       0 |    0 |   35 |      0 |      0 |          0 |
|           GEN_S2MM_DMA_CONTROL.I_S2MM_STS_MNGR                                    |                                        design_1_axi_dma_0_0_axi_dma_s2mm_sts_mngr |          1 |          1 |       0 |    0 |    3 |      0 |      0 |          0 |
|         I_AXI_DMA_REG_MODULE                                                      |                                           design_1_axi_dma_0_0_axi_dma_reg_module |        155 |        155 |       0 |    0 |  265 |      0 |      0 |          0 |
|           GEN_AXI_LITE_IF.AXI_LITE_IF_I                                           |                                              design_1_axi_dma_0_0_axi_dma_lite_if |        126 |        126 |       0 |    0 |   85 |      0 |      0 |          0 |
|           GEN_MM2S_REGISTERS.I_MM2S_DMA_REGISTER                                  |                                             design_1_axi_dma_0_0_axi_dma_register |         11 |         11 |       0 |    0 |   90 |      0 |      0 |          0 |
|           GEN_S2MM_REGISTERS.I_S2MM_DMA_REGISTER                                  |                                        design_1_axi_dma_0_0_axi_dma_register_s2mm |         18 |         18 |       0 |    0 |   90 |      0 |      0 |          0 |
|         I_PRMRY_DATAMOVER                                                         |                                                design_1_axi_dma_0_0_axi_datamover |       1110 |       1004 |       8 |   98 | 1425 |      2 |      0 |          0 |
|           GEN_MM2S_FULL.I_MM2S_FULL_WRAPPER                                       |                                 design_1_axi_dma_0_0_axi_datamover_mm2s_full_wrap |        371 |        339 |       0 |   32 |  455 |      1 |      0 |          0 |
|             ENABLE_AXIS_SKID.I_MM2S_SKID_BUF                                      |                                    design_1_axi_dma_0_0_axi_datamover_skid_buf_12 |         32 |         32 |       0 |    0 |   56 |      0 |      0 |          0 |
|             GEN_INCLUDE_MM2S_SF.I_RD_SF                                           |                                          design_1_axi_dma_0_0_axi_datamover_rd_sf |         72 |         72 |       0 |    0 |   59 |      1 |      0 |          0 |
|               (GEN_INCLUDE_MM2S_SF.I_RD_SF)                                       |                                          design_1_axi_dma_0_0_axi_datamover_rd_sf |          6 |          6 |       0 |    0 |    6 |      0 |      0 |          0 |
|               I_DATA_FIFO                                                         |                                   design_1_axi_dma_0_0_axi_datamover_sfifo_autord |         62 |         62 |       0 |    0 |   47 |      1 |      0 |          0 |
|                 BLK_MEM.I_SYNC_FIFOGEN_FIFO                                       |                                                 design_1_axi_dma_0_0_sync_fifo_fg |         62 |         62 |       0 |    0 |   47 |      1 |      0 |          0 |
|                   (BLK_MEM.I_SYNC_FIFOGEN_FIFO)                                   |                                                 design_1_axi_dma_0_0_sync_fifo_fg |          6 |          6 |       0 |    0 |    0 |      0 |      0 |          0 |
|                   xpm_fifo_instance.xpm_fifo_sync_inst                            |                                                design_1_axi_dma_0_0_xpm_fifo_sync |         56 |         56 |       0 |    0 |   47 |      1 |      0 |          0 |
|                     xpm_fifo_base_inst                                            |                                                design_1_axi_dma_0_0_xpm_fifo_base |         56 |         56 |       0 |    0 |   47 |      1 |      0 |          0 |
|                       (xpm_fifo_base_inst)                                        |                                                design_1_axi_dma_0_0_xpm_fifo_base |          3 |          3 |       0 |    0 |    9 |      0 |      0 |          0 |
|                       gen_fwft.rdpp1_inst                                         |                          design_1_axi_dma_0_0_xpm_counter_updn__parameterized1_22 |          5 |          5 |       0 |    0 |    2 |      0 |      0 |          0 |
|                       gen_sdpram.xpm_memory_base_inst                             |                                              design_1_axi_dma_0_0_xpm_memory_base |          0 |          0 |       0 |    0 |    0 |      1 |      0 |          0 |
|                       rdp_inst                                                    |                          design_1_axi_dma_0_0_xpm_counter_updn__parameterized2_23 |         22 |         22 |       0 |    0 |    8 |      0 |      0 |          0 |
|                       rdpp1_inst                                                  |                          design_1_axi_dma_0_0_xpm_counter_updn__parameterized3_24 |          7 |          7 |       0 |    0 |    7 |      0 |      0 |          0 |
|                       rst_d1_inst                                                 |                                          design_1_axi_dma_0_0_xpm_fifo_reg_bit_25 |          1 |          1 |       0 |    0 |    1 |      0 |      0 |          0 |
|                       wrp_inst                                                    |                          design_1_axi_dma_0_0_xpm_counter_updn__parameterized2_26 |         17 |         17 |       0 |    0 |    8 |      0 |      0 |          0 |
|                       wrpp1_inst                                                  |                          design_1_axi_dma_0_0_xpm_counter_updn__parameterized3_27 |          6 |          6 |       0 |    0 |    7 |      0 |      0 |          0 |
|                       xpm_fifo_rst_inst                                           |                                              design_1_axi_dma_0_0_xpm_fifo_rst_28 |          2 |          2 |       0 |    0 |    5 |      0 |      0 |          0 |
|               OMIT_DRE_CNTL.I_DRE_CNTL_FIFO                                       |                           design_1_axi_dma_0_0_axi_datamover_fifo__parameterized3 |          4 |          4 |       0 |    0 |    6 |      0 |      0 |          0 |
|                 (OMIT_DRE_CNTL.I_DRE_CNTL_FIFO)                                   |                           design_1_axi_dma_0_0_axi_datamover_fifo__parameterized3 |          1 |          1 |       0 |    0 |    2 |      0 |      0 |          0 |
|                 USE_SRL_FIFO.I_SYNC_FIFO                                          |                                   design_1_axi_dma_0_0_srl_fifo_f__parameterized1 |          3 |          3 |       0 |    0 |    4 |      0 |      0 |          0 |
|                   I_SRL_FIFO_RBU_F                                                |                               design_1_axi_dma_0_0_srl_fifo_rbu_f__parameterized1 |          3 |          3 |       0 |    0 |    4 |      0 |      0 |          0 |
|                     (I_SRL_FIFO_RBU_F)                                            |                               design_1_axi_dma_0_0_srl_fifo_rbu_f__parameterized1 |          0 |          0 |       0 |    0 |    1 |      0 |      0 |          0 |
|                     CNTR_INCR_DECR_ADDN_F_I                                       |                                     design_1_axi_dma_0_0_cntr_incr_decr_addn_f_21 |          3 |          3 |       0 |    0 |    3 |      0 |      0 |          0 |
|             I_ADDR_CNTL                                                           |                                      design_1_axi_dma_0_0_axi_datamover_addr_cntl |         29 |          9 |       0 |   20 |   50 |      0 |      0 |          0 |
|               (I_ADDR_CNTL)                                                       |                                      design_1_axi_dma_0_0_axi_datamover_addr_cntl |          2 |          2 |       0 |    0 |   44 |      0 |      0 |          0 |
|               GEN_ADDR_FIFO.I_ADDR_QUAL_FIFO                                      |                        design_1_axi_dma_0_0_axi_datamover_fifo__parameterized1_16 |         27 |          7 |       0 |   20 |    6 |      0 |      0 |          0 |
|                 (GEN_ADDR_FIFO.I_ADDR_QUAL_FIFO)                                  |                        design_1_axi_dma_0_0_axi_datamover_fifo__parameterized1_16 |          1 |          1 |       0 |    0 |    2 |      0 |      0 |          0 |
|                 USE_SRL_FIFO.I_SYNC_FIFO                                          |                                                design_1_axi_dma_0_0_srl_fifo_f_17 |         26 |          6 |       0 |   20 |    4 |      0 |      0 |          0 |
|                   I_SRL_FIFO_RBU_F                                                |                                            design_1_axi_dma_0_0_srl_fifo_rbu_f_18 |         26 |          6 |       0 |   20 |    4 |      0 |      0 |          0 |
|                     (I_SRL_FIFO_RBU_F)                                            |                                            design_1_axi_dma_0_0_srl_fifo_rbu_f_18 |          1 |          1 |       0 |    0 |    1 |      0 |      0 |          0 |
|                     CNTR_INCR_DECR_ADDN_F_I                                       |                                     design_1_axi_dma_0_0_cntr_incr_decr_addn_f_19 |          4 |          4 |       0 |    0 |    3 |      0 |      0 |          0 |
|                     DYNSHREG_F_I                                                  |                                                design_1_axi_dma_0_0_dynshreg_f_20 |         22 |          2 |       0 |   20 |    0 |      0 |      0 |          0 |
|             I_CMD_STATUS                                                          |                                     design_1_axi_dma_0_0_axi_datamover_cmd_status |         12 |         12 |       0 |    0 |   71 |      0 |      0 |          0 |
|               GEN_INCLUDE_STATUS_FIFO.I_STS_FIFO                                  |                           design_1_axi_dma_0_0_axi_datamover_fifo__parameterized0 |          7 |          7 |       0 |    0 |    6 |      0 |      0 |          0 |
|               I_CMD_FIFO                                                          |                                        design_1_axi_dma_0_0_axi_datamover_fifo_15 |          5 |          5 |       0 |    0 |   65 |      0 |      0 |          0 |
|             I_MSTR_PCC                                                            |                                            design_1_axi_dma_0_0_axi_datamover_pcc |        165 |        165 |       0 |    0 |  168 |      0 |      0 |          0 |
|               (I_MSTR_PCC)                                                        |                                            design_1_axi_dma_0_0_axi_datamover_pcc |        164 |        164 |       0 |    0 |  168 |      0 |      0 |          0 |
|               I_STRT_STRB_GEN                                                     |                                      design_1_axi_dma_0_0_axi_datamover_strb_gen2 |          1 |          1 |       0 |    0 |    0 |      0 |      0 |          0 |
|             I_RD_DATA_CNTL                                                        |                                    design_1_axi_dma_0_0_axi_datamover_rddata_cntl |         57 |         45 |       0 |   12 |   43 |      0 |      0 |          0 |
|               (I_RD_DATA_CNTL)                                                    |                                    design_1_axi_dma_0_0_axi_datamover_rddata_cntl |         24 |         24 |       0 |    0 |   37 |      0 |      0 |          0 |
|               GEN_DATA_CNTL_FIFO.I_DATA_CNTL_FIFO                                 |                           design_1_axi_dma_0_0_axi_datamover_fifo__parameterized2 |         33 |         21 |       0 |   12 |    6 |      0 |      0 |          0 |
|                 (GEN_DATA_CNTL_FIFO.I_DATA_CNTL_FIFO)                             |                           design_1_axi_dma_0_0_axi_datamover_fifo__parameterized2 |          1 |          1 |       0 |    0 |    2 |      0 |      0 |          0 |
|                 USE_SRL_FIFO.I_SYNC_FIFO                                          |                                   design_1_axi_dma_0_0_srl_fifo_f__parameterized0 |         32 |         20 |       0 |   12 |    4 |      0 |      0 |          0 |
|                   I_SRL_FIFO_RBU_F                                                |                               design_1_axi_dma_0_0_srl_fifo_rbu_f__parameterized0 |         32 |         20 |       0 |   12 |    4 |      0 |      0 |          0 |
|                     (I_SRL_FIFO_RBU_F)                                            |                               design_1_axi_dma_0_0_srl_fifo_rbu_f__parameterized0 |          1 |          1 |       0 |    0 |    1 |      0 |      0 |          0 |
|                     CNTR_INCR_DECR_ADDN_F_I                                       |                                     design_1_axi_dma_0_0_cntr_incr_decr_addn_f_14 |         14 |         14 |       0 |    0 |    3 |      0 |      0 |          0 |
|                     DYNSHREG_F_I                                                  |                                   design_1_axi_dma_0_0_dynshreg_f__parameterized0 |         18 |          6 |       0 |   12 |    0 |      0 |      0 |          0 |
|             I_RD_STATUS_CNTLR                                                     |                                 design_1_axi_dma_0_0_axi_datamover_rd_status_cntl |          3 |          3 |       0 |    0 |    5 |      0 |      0 |          0 |
|             I_RESET                                                               |                                       design_1_axi_dma_0_0_axi_datamover_reset_13 |          2 |          2 |       0 |    0 |    3 |      0 |      0 |          0 |
|           GEN_S2MM_FULL.I_S2MM_FULL_WRAPPER                                       |                                 design_1_axi_dma_0_0_axi_datamover_s2mm_full_wrap |        739 |        665 |       8 |   66 |  970 |      1 |      0 |          0 |
|             ENABLE_AXIS_SKID.I_S2MM_STRM_SKID_BUF                                 |                                       design_1_axi_dma_0_0_axi_datamover_skid_buf |         21 |         21 |       0 |    0 |   32 |      0 |      0 |          0 |
|             GEN_ENABLE_INDET_BTT_SF.I_INDET_BTT                                   |                                      design_1_axi_dma_0_0_axi_datamover_indet_btt |        165 |        157 |       8 |    0 |  193 |      1 |      0 |          0 |
|               (GEN_ENABLE_INDET_BTT_SF.I_INDET_BTT)                               |                                      design_1_axi_dma_0_0_axi_datamover_indet_btt |          4 |          4 |       0 |    0 |   14 |      0 |      0 |          0 |
|               ENABLE_AXIS_SKID.I_INDET_BTT_SKID_BUF                               |                       design_1_axi_dma_0_0_axi_datamover_skid_buf__parameterized0 |         45 |         45 |       0 |    0 |   86 |      0 |      0 |          0 |
|               I_DATA_FIFO                                                         |                   design_1_axi_dma_0_0_axi_datamover_sfifo_autord__parameterized1 |         45 |         45 |       0 |    0 |   39 |      1 |      0 |          0 |
|                 BLK_MEM.I_SYNC_FIFOGEN_FIFO                                       |                                 design_1_axi_dma_0_0_sync_fifo_fg__parameterized1 |         45 |         45 |       0 |    0 |   39 |      1 |      0 |          0 |
|                   (BLK_MEM.I_SYNC_FIFOGEN_FIFO)                                   |                                 design_1_axi_dma_0_0_sync_fifo_fg__parameterized1 |          4 |          4 |       0 |    0 |    0 |      0 |      0 |          0 |
|                   xpm_fifo_instance.xpm_fifo_sync_inst                            |                                design_1_axi_dma_0_0_xpm_fifo_sync__parameterized3 |         41 |         41 |       0 |    0 |   39 |      1 |      0 |          0 |
|                     xpm_fifo_base_inst                                            |                                design_1_axi_dma_0_0_xpm_fifo_base__parameterized1 |         41 |         41 |       0 |    0 |   39 |      1 |      0 |          0 |
|                       (xpm_fifo_base_inst)                                        |                                design_1_axi_dma_0_0_xpm_fifo_base__parameterized1 |          3 |          3 |       0 |    0 |    5 |      0 |      0 |          0 |
|                       gen_sdpram.xpm_memory_base_inst                             |                              design_1_axi_dma_0_0_xpm_memory_base__parameterized1 |          1 |          1 |       0 |    0 |    0 |      1 |      0 |          0 |
|                       rdp_inst                                                    |                             design_1_axi_dma_0_0_xpm_counter_updn__parameterized2 |         14 |         14 |       0 |    0 |    7 |      0 |      0 |          0 |
|                       rdpp1_inst                                                  |                             design_1_axi_dma_0_0_xpm_counter_updn__parameterized3 |          7 |          7 |       0 |    0 |    7 |      0 |      0 |          0 |
|                       rst_d1_inst                                                 |                                           design_1_axi_dma_0_0_xpm_fifo_reg_bit_8 |          1 |          1 |       0 |    0 |    1 |      0 |      0 |          0 |
|                       wrp_inst                                                    |                           design_1_axi_dma_0_0_xpm_counter_updn__parameterized2_9 |         10 |         10 |       0 |    0 |    7 |      0 |      0 |          0 |
|                       wrpp1_inst                                                  |                          design_1_axi_dma_0_0_xpm_counter_updn__parameterized3_10 |          6 |          6 |       0 |    0 |    7 |      0 |      0 |          0 |
|                       xpm_fifo_rst_inst                                           |                                              design_1_axi_dma_0_0_xpm_fifo_rst_11 |          2 |          2 |       0 |    0 |    5 |      0 |      0 |          0 |
|               I_XD_FIFO                                                           |                   design_1_axi_dma_0_0_axi_datamover_sfifo_autord__parameterized0 |         71 |         63 |       8 |    0 |   54 |      0 |      0 |          0 |
|                 NON_BLK_MEM.I_SYNC_FIFOGEN_FIFO                                   |                                 design_1_axi_dma_0_0_sync_fifo_fg__parameterized0 |         71 |         63 |       8 |    0 |   54 |      0 |      0 |          0 |
|                   (NON_BLK_MEM.I_SYNC_FIFOGEN_FIFO)                               |                                 design_1_axi_dma_0_0_sync_fifo_fg__parameterized0 |         27 |         27 |       0 |    0 |    0 |      0 |      0 |          0 |
|                   xpm_fifo_instance.xpm_fifo_sync_inst                            |                                design_1_axi_dma_0_0_xpm_fifo_sync__parameterized1 |         44 |         36 |       8 |    0 |   54 |      0 |      0 |          0 |
|                     xpm_fifo_base_inst                                            |                                design_1_axi_dma_0_0_xpm_fifo_base__parameterized0 |         44 |         36 |       8 |    0 |   54 |      0 |      0 |          0 |
|                       (xpm_fifo_base_inst)                                        |                                design_1_axi_dma_0_0_xpm_fifo_base__parameterized0 |          3 |          3 |       0 |    0 |   10 |      0 |      0 |          0 |
|                       gen_fwft.rdpp1_inst                                         |                             design_1_axi_dma_0_0_xpm_counter_updn__parameterized1 |          4 |          4 |       0 |    0 |    2 |      0 |      0 |          0 |
|                       gen_sdpram.xpm_memory_base_inst                             |                              design_1_axi_dma_0_0_xpm_memory_base__parameterized0 |          8 |          0 |       8 |    0 |   18 |      0 |      0 |          0 |
|                       rdp_inst                                                    |                             design_1_axi_dma_0_0_xpm_counter_updn__parameterized6 |         11 |         11 |       0 |    0 |    5 |      0 |      0 |          0 |
|                       rdpp1_inst                                                  |                             design_1_axi_dma_0_0_xpm_counter_updn__parameterized7 |          3 |          3 |       0 |    0 |    4 |      0 |      0 |          0 |
|                       rst_d1_inst                                                 |                                             design_1_axi_dma_0_0_xpm_fifo_reg_bit |          1 |          1 |       0 |    0 |    1 |      0 |      0 |          0 |
|                       wrp_inst                                                    |                           design_1_axi_dma_0_0_xpm_counter_updn__parameterized6_6 |         10 |         10 |       0 |    0 |    5 |      0 |      0 |          0 |
|                       wrpp1_inst                                                  |                           design_1_axi_dma_0_0_xpm_counter_updn__parameterized7_7 |          3 |          3 |       0 |    0 |    4 |      0 |      0 |          0 |
|                       xpm_fifo_rst_inst                                           |                                                 design_1_axi_dma_0_0_xpm_fifo_rst |          2 |          2 |       0 |    0 |    5 |      0 |      0 |          0 |
|             GEN_INCLUDE_IBTTCC.I_S2MM_MSTR_IBTTCC                                 |                                         design_1_axi_dma_0_0_axi_datamover_ibttcc |        151 |        151 |       0 |    0 |  251 |      0 |      0 |          0 |
|             GEN_INCLUDE_REALIGNER.I_S2MM_REALIGNER                                |                                   design_1_axi_dma_0_0_axi_datamover_s2mm_realign |        192 |        171 |       0 |   21 |  142 |      0 |      0 |          0 |
|               (GEN_INCLUDE_REALIGNER.I_S2MM_REALIGNER)                            |                                   design_1_axi_dma_0_0_axi_datamover_s2mm_realign |          0 |          0 |       0 |    0 |    7 |      0 |      0 |          0 |
|               GEN_INCLUDE_SCATTER.I_S2MM_SCATTER                                  |                                   design_1_axi_dma_0_0_axi_datamover_s2mm_scatter |        162 |        157 |       0 |    5 |  128 |      0 |      0 |          0 |
|                 (GEN_INCLUDE_SCATTER.I_S2MM_SCATTER)                              |                                   design_1_axi_dma_0_0_axi_datamover_s2mm_scatter |         89 |         89 |       0 |    0 |   71 |      0 |      0 |          0 |
|                 I_MSSAI_SKID_BUF                                                  |                                 design_1_axi_dma_0_0_axi_datamover_mssai_skid_buf |         33 |         33 |       0 |    0 |   35 |      0 |      0 |          0 |
|                 I_TSTRB_FIFO                                                      |                           design_1_axi_dma_0_0_axi_datamover_fifo__parameterized8 |         23 |         18 |       0 |    5 |   10 |      0 |      0 |          0 |
|                   (I_TSTRB_FIFO)                                                  |                           design_1_axi_dma_0_0_axi_datamover_fifo__parameterized8 |          2 |          2 |       0 |    0 |    4 |      0 |      0 |          0 |
|                   USE_SRL_FIFO.I_SYNC_FIFO                                        |                                   design_1_axi_dma_0_0_srl_fifo_f__parameterized5 |         21 |         16 |       0 |    5 |    6 |      0 |      0 |          0 |
|                     I_SRL_FIFO_RBU_F                                              |                               design_1_axi_dma_0_0_srl_fifo_rbu_f__parameterized5 |         21 |         16 |       0 |    5 |    6 |      0 |      0 |          0 |
|                       (I_SRL_FIFO_RBU_F)                                          |                               design_1_axi_dma_0_0_srl_fifo_rbu_f__parameterized5 |          0 |          0 |       0 |    0 |    1 |      0 |      0 |          0 |
|                       CNTR_INCR_DECR_ADDN_F_I                                     |                        design_1_axi_dma_0_0_cntr_incr_decr_addn_f__parameterized1 |          8 |          8 |       0 |    0 |    5 |      0 |      0 |          0 |
|                       DYNSHREG_F_I                                                |                                   design_1_axi_dma_0_0_dynshreg_f__parameterized5 |         13 |          8 |       0 |    5 |    0 |      0 |      0 |          0 |
|                 SLICE_INSERTION                                                   |                                          design_1_axi_dma_0_0_axi_datamover_slice |         20 |         20 |       0 |    0 |   12 |      0 |      0 |          0 |
|               I_DRE_CNTL_FIFO                                                     |                           design_1_axi_dma_0_0_axi_datamover_fifo__parameterized7 |         31 |         15 |       0 |   16 |    7 |      0 |      0 |          0 |
|                 (I_DRE_CNTL_FIFO)                                                 |                           design_1_axi_dma_0_0_axi_datamover_fifo__parameterized7 |          3 |          3 |       0 |    0 |    3 |      0 |      0 |          0 |
|                 USE_SRL_FIFO.I_SYNC_FIFO                                          |                                   design_1_axi_dma_0_0_srl_fifo_f__parameterized4 |         28 |         12 |       0 |   16 |    4 |      0 |      0 |          0 |
|                   I_SRL_FIFO_RBU_F                                                |                               design_1_axi_dma_0_0_srl_fifo_rbu_f__parameterized4 |         28 |         12 |       0 |   16 |    4 |      0 |      0 |          0 |
|                     (I_SRL_FIFO_RBU_F)                                            |                               design_1_axi_dma_0_0_srl_fifo_rbu_f__parameterized4 |          0 |          0 |       0 |    0 |    1 |      0 |      0 |          0 |
|                     CNTR_INCR_DECR_ADDN_F_I                                       |                                      design_1_axi_dma_0_0_cntr_incr_decr_addn_f_5 |          7 |          7 |       0 |    0 |    3 |      0 |      0 |          0 |
|                     DYNSHREG_F_I                                                  |                                   design_1_axi_dma_0_0_dynshreg_f__parameterized4 |         21 |          5 |       0 |   16 |    0 |      0 |      0 |          0 |
|             I_ADDR_CNTL                                                           |                      design_1_axi_dma_0_0_axi_datamover_addr_cntl__parameterized0 |         29 |          9 |       0 |   20 |   50 |      0 |      0 |          0 |
|               (I_ADDR_CNTL)                                                       |                      design_1_axi_dma_0_0_axi_datamover_addr_cntl__parameterized0 |          1 |          1 |       0 |    0 |   44 |      0 |      0 |          0 |
|               GEN_ADDR_FIFO.I_ADDR_QUAL_FIFO                                      |                           design_1_axi_dma_0_0_axi_datamover_fifo__parameterized1 |         28 |          8 |       0 |   20 |    6 |      0 |      0 |          0 |
|                 (GEN_ADDR_FIFO.I_ADDR_QUAL_FIFO)                                  |                           design_1_axi_dma_0_0_axi_datamover_fifo__parameterized1 |          1 |          1 |       0 |    0 |    2 |      0 |      0 |          0 |
|                 USE_SRL_FIFO.I_SYNC_FIFO                                          |                                                   design_1_axi_dma_0_0_srl_fifo_f |         27 |          7 |       0 |   20 |    4 |      0 |      0 |          0 |
|                   I_SRL_FIFO_RBU_F                                                |                                               design_1_axi_dma_0_0_srl_fifo_rbu_f |         27 |          7 |       0 |   20 |    4 |      0 |      0 |          0 |
|                     (I_SRL_FIFO_RBU_F)                                            |                                               design_1_axi_dma_0_0_srl_fifo_rbu_f |          0 |          0 |       0 |    0 |    1 |      0 |      0 |          0 |
|                     CNTR_INCR_DECR_ADDN_F_I                                       |                                      design_1_axi_dma_0_0_cntr_incr_decr_addn_f_4 |          5 |          5 |       0 |    0 |    3 |      0 |      0 |          0 |
|                     DYNSHREG_F_I                                                  |                                                   design_1_axi_dma_0_0_dynshreg_f |         22 |          2 |       0 |   20 |    0 |      0 |      0 |          0 |
|             I_CMD_STATUS                                                          |                     design_1_axi_dma_0_0_axi_datamover_cmd_status__parameterized0 |         22 |         22 |       0 |    0 |   97 |      0 |      0 |          0 |
|               GEN_INCLUDE_STATUS_FIFO.I_STS_FIFO                                  |                           design_1_axi_dma_0_0_axi_datamover_fifo__parameterized4 |         19 |         19 |       0 |    0 |   34 |      0 |      0 |          0 |
|               I_CMD_FIFO                                                          |                                           design_1_axi_dma_0_0_axi_datamover_fifo |          3 |          3 |       0 |    0 |   63 |      0 |      0 |          0 |
|             I_RESET                                                               |                                          design_1_axi_dma_0_0_axi_datamover_reset |          4 |          4 |       0 |    0 |    3 |      0 |      0 |          0 |
|             I_S2MM_MMAP_SKID_BUF                                                  |                                    design_1_axi_dma_0_0_axi_datamover_skid2mm_buf |         34 |         34 |       0 |    0 |   78 |      0 |      0 |          0 |
|             I_WR_DATA_CNTL                                                        |                                    design_1_axi_dma_0_0_axi_datamover_wrdata_cntl |         83 |         76 |       0 |    7 |   66 |      0 |      0 |          0 |
|               (I_WR_DATA_CNTL)                                                    |                                    design_1_axi_dma_0_0_axi_datamover_wrdata_cntl |         54 |         54 |       0 |    0 |   60 |      0 |      0 |          0 |
|               GEN_DATA_CNTL_FIFO.I_DATA_CNTL_FIFO                                 |                           design_1_axi_dma_0_0_axi_datamover_fifo__parameterized9 |         29 |         22 |       0 |    7 |    6 |      0 |      0 |          0 |
|                 (GEN_DATA_CNTL_FIFO.I_DATA_CNTL_FIFO)                             |                           design_1_axi_dma_0_0_axi_datamover_fifo__parameterized9 |          1 |          1 |       0 |    0 |    2 |      0 |      0 |          0 |
|                 USE_SRL_FIFO.I_SYNC_FIFO                                          |                                   design_1_axi_dma_0_0_srl_fifo_f__parameterized6 |         28 |         21 |       0 |    7 |    4 |      0 |      0 |          0 |
|                   I_SRL_FIFO_RBU_F                                                |                               design_1_axi_dma_0_0_srl_fifo_rbu_f__parameterized6 |         28 |         21 |       0 |    7 |    4 |      0 |      0 |          0 |
|                     (I_SRL_FIFO_RBU_F)                                            |                               design_1_axi_dma_0_0_srl_fifo_rbu_f__parameterized6 |          1 |          1 |       0 |    0 |    1 |      0 |      0 |          0 |
|                     CNTR_INCR_DECR_ADDN_F_I                                       |                                        design_1_axi_dma_0_0_cntr_incr_decr_addn_f |         10 |         10 |       0 |    0 |    3 |      0 |      0 |          0 |
|                     DYNSHREG_F_I                                                  |                                   design_1_axi_dma_0_0_dynshreg_f__parameterized6 |         18 |         11 |       0 |    7 |    0 |      0 |      0 |          0 |
|             I_WR_STATUS_CNTLR                                                     |                                 design_1_axi_dma_0_0_axi_datamover_wr_status_cntl |         55 |         37 |       0 |   18 |   58 |      0 |      0 |          0 |
|               (I_WR_STATUS_CNTLR)                                                 |                                 design_1_axi_dma_0_0_axi_datamover_wr_status_cntl |          5 |          5 |       0 |    0 |   43 |      0 |      0 |          0 |
|               GEN_ENABLE_INDET_BTT.I_SF_DATA_CNTL_STATUS_FIFO                     |                           design_1_axi_dma_0_0_axi_datamover_fifo__parameterized6 |         31 |         15 |       0 |   16 |    7 |      0 |      0 |          0 |
|                 (GEN_ENABLE_INDET_BTT.I_SF_DATA_CNTL_STATUS_FIFO)                 |                           design_1_axi_dma_0_0_axi_datamover_fifo__parameterized6 |          1 |          1 |       0 |    0 |    2 |      0 |      0 |          0 |
|                 USE_SRL_FIFO.I_SYNC_FIFO                                          |                                   design_1_axi_dma_0_0_srl_fifo_f__parameterized3 |         30 |         14 |       0 |   16 |    5 |      0 |      0 |          0 |
|                   I_SRL_FIFO_RBU_F                                                |                               design_1_axi_dma_0_0_srl_fifo_rbu_f__parameterized3 |         30 |         14 |       0 |   16 |    5 |      0 |      0 |          0 |
|                     (I_SRL_FIFO_RBU_F)                                            |                               design_1_axi_dma_0_0_srl_fifo_rbu_f__parameterized3 |          1 |          1 |       0 |    0 |    1 |      0 |      0 |          0 |
|                     CNTR_INCR_DECR_ADDN_F_I                                       |                      design_1_axi_dma_0_0_cntr_incr_decr_addn_f__parameterized0_3 |         10 |         10 |       0 |    0 |    4 |      0 |      0 |          0 |
|                     DYNSHREG_F_I                                                  |                                   design_1_axi_dma_0_0_dynshreg_f__parameterized3 |         19 |          3 |       0 |   16 |    0 |      0 |      0 |          0 |
|               I_WRESP_STATUS_FIFO                                                 |                           design_1_axi_dma_0_0_axi_datamover_fifo__parameterized5 |         19 |         17 |       0 |    2 |    8 |      0 |      0 |          0 |
|                 (I_WRESP_STATUS_FIFO)                                             |                           design_1_axi_dma_0_0_axi_datamover_fifo__parameterized5 |          4 |          4 |       0 |    0 |    3 |      0 |      0 |          0 |
|                 USE_SRL_FIFO.I_SYNC_FIFO                                          |                                   design_1_axi_dma_0_0_srl_fifo_f__parameterized2 |         15 |         13 |       0 |    2 |    5 |      0 |      0 |          0 |
|                   I_SRL_FIFO_RBU_F                                                |                               design_1_axi_dma_0_0_srl_fifo_rbu_f__parameterized2 |         15 |         13 |       0 |    2 |    5 |      0 |      0 |          0 |
|                     (I_SRL_FIFO_RBU_F)                                            |                               design_1_axi_dma_0_0_srl_fifo_rbu_f__parameterized2 |          5 |          5 |       0 |    0 |    1 |      0 |      0 |          0 |
|                     CNTR_INCR_DECR_ADDN_F_I                                       |                        design_1_axi_dma_0_0_cntr_incr_decr_addn_f__parameterized0 |          7 |          7 |       0 |    0 |    4 |      0 |      0 |          0 |
|                     DYNSHREG_F_I                                                  |                                   design_1_axi_dma_0_0_dynshreg_f__parameterized2 |          4 |          2 |       0 |    2 |    0 |      0 |      0 |          0 |
|         I_RST_MODULE                                                              |                                           design_1_axi_dma_0_0_axi_dma_rst_module |         16 |         16 |       0 |    0 |   38 |      0 |      0 |          0 |
|           (I_RST_MODULE)                                                          |                                           design_1_axi_dma_0_0_axi_dma_rst_module |          1 |          1 |       0 |    0 |    2 |      0 |      0 |          0 |
|           GEN_RESET_FOR_MM2S.RESET_I                                              |                                                design_1_axi_dma_0_0_axi_dma_reset |          7 |          7 |       0 |    0 |   15 |      0 |      0 |          0 |
|           GEN_RESET_FOR_S2MM.RESET_I                                              |                                              design_1_axi_dma_0_0_axi_dma_reset_1 |          9 |          9 |       0 |    0 |   13 |      0 |      0 |          0 |
|           REG_HRD_RST                                                             |                                                     design_1_axi_dma_0_0_cdc_sync |          0 |          0 |       0 |    0 |    4 |      0 |      0 |          0 |
|           REG_HRD_RST_OUT                                                         |                                                   design_1_axi_dma_0_0_cdc_sync_2 |          0 |          0 |       0 |    0 |    4 |      0 |      0 |          0 |
|     axi_gpio_0                                                                    |                                                             design_1_axi_gpio_0_0 |         32 |         32 |       0 |    0 |   36 |      0 |      0 |          0 |
|       U0                                                                          |                                                    design_1_axi_gpio_0_0_axi_gpio |         32 |         32 |       0 |    0 |   36 |      0 |      0 |          0 |
|         (U0)                                                                      |                                                    design_1_axi_gpio_0_0_axi_gpio |          0 |          0 |       0 |    0 |    4 |      0 |      0 |          0 |
|         AXI_LITE_IPIF_I                                                           |                                               design_1_axi_gpio_0_0_axi_lite_ipif |         28 |         28 |       0 |    0 |   28 |      0 |      0 |          0 |
|           I_SLAVE_ATTACHMENT                                                      |                                            design_1_axi_gpio_0_0_slave_attachment |         28 |         28 |       0 |    0 |   28 |      0 |      0 |          0 |
|             (I_SLAVE_ATTACHMENT)                                                  |                                            design_1_axi_gpio_0_0_slave_attachment |         18 |         18 |       0 |    0 |   22 |      0 |      0 |          0 |
|             I_DECODER                                                             |                                             design_1_axi_gpio_0_0_address_decoder |         10 |         10 |       0 |    0 |    6 |      0 |      0 |          0 |
|               (I_DECODER)                                                         |                                             design_1_axi_gpio_0_0_address_decoder |          8 |          8 |       0 |    0 |    6 |      0 |      0 |          0 |
|               MEM_DECODE_GEN[0].PER_CE_GEN[0].MULTIPLE_CES_THIS_CS_GEN.CE_I       |                                                   design_1_axi_gpio_0_0_pselect_f |          1 |          1 |       0 |    0 |    0 |      0 |      0 |          0 |
|               MEM_DECODE_GEN[0].PER_CE_GEN[2].MULTIPLE_CES_THIS_CS_GEN.CE_I       |                                   design_1_axi_gpio_0_0_pselect_f__parameterized1 |          1 |          1 |       0 |    0 |    0 |      0 |      0 |          0 |
|         gpio_core_1                                                               |                                                   design_1_axi_gpio_0_0_GPIO_Core |          4 |          4 |       0 |    0 |    4 |      0 |      0 |          0 |
|     axi_interconnect_0                                                            |                                                     design_1_axi_interconnect_0_0 |        614 |        553 |       0 |   61 |  660 |      0 |      0 |          0 |
|       s00_couplers                                                                |                                                           s00_couplers_imp_O7FAN0 |        404 |        343 |       0 |   61 |  534 |      0 |      0 |          0 |
|         auto_pc                                                                   |                                                                design_1_auto_pc_0 |        404 |        343 |       0 |   61 |  534 |      0 |      0 |          0 |
|           inst                                                                    |          design_1_auto_pc_0_axi_protocol_converter_v2_1_26_axi_protocol_converter |        404 |        343 |       0 |   61 |  534 |      0 |      0 |          0 |
|             gen_axilite.gen_b2s_conv.axilite_b2s                                  |                             design_1_auto_pc_0_axi_protocol_converter_v2_1_26_b2s |        404 |        343 |       0 |   61 |  534 |      0 |      0 |          0 |
|               (gen_axilite.gen_b2s_conv.axilite_b2s)                              |                             design_1_auto_pc_0_axi_protocol_converter_v2_1_26_b2s |          1 |          1 |       0 |    0 |    1 |      0 |      0 |          0 |
|               RD.ar_channel_0                                                     |                  design_1_auto_pc_0_axi_protocol_converter_v2_1_26_b2s_ar_channel |         68 |         68 |       0 |    0 |   82 |      0 |      0 |          0 |
|                 (RD.ar_channel_0)                                                 |                  design_1_auto_pc_0_axi_protocol_converter_v2_1_26_b2s_ar_channel |          0 |          0 |       0 |    0 |   12 |      0 |      0 |          0 |
|                 ar_cmd_fsm_0                                                      |                  design_1_auto_pc_0_axi_protocol_converter_v2_1_26_b2s_rd_cmd_fsm |         36 |         36 |       0 |    0 |    2 |      0 |      0 |          0 |
|                 cmd_translator_0                                                  |            design_1_auto_pc_0_axi_protocol_converter_v2_1_26_b2s_cmd_translator_1 |         32 |         32 |       0 |    0 |   68 |      0 |      0 |          0 |
|                   (cmd_translator_0)                                              |            design_1_auto_pc_0_axi_protocol_converter_v2_1_26_b2s_cmd_translator_1 |          1 |          1 |       0 |    0 |    3 |      0 |      0 |          0 |
|                   incr_cmd_0                                                      |                  design_1_auto_pc_0_axi_protocol_converter_v2_1_26_b2s_incr_cmd_2 |         21 |         21 |       0 |    0 |   22 |      0 |      0 |          0 |
|                   wrap_cmd_0                                                      |                  design_1_auto_pc_0_axi_protocol_converter_v2_1_26_b2s_wrap_cmd_3 |         10 |         10 |       0 |    0 |   43 |      0 |      0 |          0 |
|               RD.r_channel_0                                                      |                   design_1_auto_pc_0_axi_protocol_converter_v2_1_26_b2s_r_channel |         61 |         14 |       0 |   47 |   24 |      0 |      0 |          0 |
|                 (RD.r_channel_0)                                                  |                   design_1_auto_pc_0_axi_protocol_converter_v2_1_26_b2s_r_channel |          0 |          0 |       0 |    0 |   14 |      0 |      0 |          0 |
|                 rd_data_fifo_0                                                    | design_1_auto_pc_0_axi_protocol_converter_v2_1_26_b2s_simple_fifo__parameterized1 |         43 |          9 |       0 |   34 |    5 |      0 |      0 |          0 |
|                 transaction_fifo_0                                                | design_1_auto_pc_0_axi_protocol_converter_v2_1_26_b2s_simple_fifo__parameterized2 |         19 |          6 |       0 |   13 |    5 |      0 |      0 |          0 |
|               SI_REG                                                              |                  design_1_auto_pc_0_axi_register_slice_v2_1_26_axi_register_slice |        167 |        167 |       0 |    0 |  324 |      0 |      0 |          0 |
|                 ar.ar_pipe                                                        |                 design_1_auto_pc_0_axi_register_slice_v2_1_26_axic_register_slice |         62 |         62 |       0 |    0 |   99 |      0 |      0 |          0 |
|                 aw.aw_pipe                                                        |               design_1_auto_pc_0_axi_register_slice_v2_1_26_axic_register_slice_0 |         68 |         68 |       0 |    0 |   99 |      0 |      0 |          0 |
|                 b.b_pipe                                                          | design_1_auto_pc_0_axi_register_slice_v2_1_26_axic_register_slice__parameterized1 |         10 |         10 |       0 |    0 |   30 |      0 |      0 |          0 |
|                 r.r_pipe                                                          | design_1_auto_pc_0_axi_register_slice_v2_1_26_axic_register_slice__parameterized2 |         27 |         27 |       0 |    0 |   96 |      0 |      0 |          0 |
|               WR.aw_channel_0                                                     |                  design_1_auto_pc_0_axi_protocol_converter_v2_1_26_b2s_aw_channel |         77 |         77 |       0 |    0 |   86 |      0 |      0 |          0 |
|                 (WR.aw_channel_0)                                                 |                  design_1_auto_pc_0_axi_protocol_converter_v2_1_26_b2s_aw_channel |          0 |          0 |       0 |    0 |   16 |      0 |      0 |          0 |
|                 aw_cmd_fsm_0                                                      |                  design_1_auto_pc_0_axi_protocol_converter_v2_1_26_b2s_wr_cmd_fsm |         44 |         44 |       0 |    0 |    2 |      0 |      0 |          0 |
|                 cmd_translator_0                                                  |              design_1_auto_pc_0_axi_protocol_converter_v2_1_26_b2s_cmd_translator |         33 |         33 |       0 |    0 |   68 |      0 |      0 |          0 |
|                   (cmd_translator_0)                                              |              design_1_auto_pc_0_axi_protocol_converter_v2_1_26_b2s_cmd_translator |          1 |          1 |       0 |    0 |    3 |      0 |      0 |          0 |
|                   incr_cmd_0                                                      |                    design_1_auto_pc_0_axi_protocol_converter_v2_1_26_b2s_incr_cmd |         22 |         22 |       0 |    0 |   22 |      0 |      0 |          0 |
|                   wrap_cmd_0                                                      |                    design_1_auto_pc_0_axi_protocol_converter_v2_1_26_b2s_wrap_cmd |         10 |         10 |       0 |    0 |   43 |      0 |      0 |          0 |
|               WR.b_channel_0                                                      |                   design_1_auto_pc_0_axi_protocol_converter_v2_1_26_b2s_b_channel |         35 |         21 |       0 |   14 |   17 |      0 |      0 |          0 |
|                 (WR.b_channel_0)                                                  |                   design_1_auto_pc_0_axi_protocol_converter_v2_1_26_b2s_b_channel |          8 |          8 |       0 |    0 |   13 |      0 |      0 |          0 |
|                 bid_fifo_0                                                        |                 design_1_auto_pc_0_axi_protocol_converter_v2_1_26_b2s_simple_fifo |         21 |          9 |       0 |   12 |    2 |      0 |      0 |          0 |
|                 bresp_fifo_0                                                      | design_1_auto_pc_0_axi_protocol_converter_v2_1_26_b2s_simple_fifo__parameterized0 |          6 |          4 |       0 |    2 |    2 |      0 |      0 |          0 |
|       xbar                                                                        |                                                                   design_1_xbar_0 |        210 |        210 |       0 |    0 |  126 |      0 |      0 |          0 |
|         inst                                                                      |                                 design_1_xbar_0_axi_crossbar_v2_1_27_axi_crossbar |        210 |        210 |       0 |    0 |  126 |      0 |      0 |          0 |
|           gen_sasd.crossbar_sasd_0                                                |                                design_1_xbar_0_axi_crossbar_v2_1_27_crossbar_sasd |        210 |        210 |       0 |    0 |  126 |      0 |      0 |          0 |
|             (gen_sasd.crossbar_sasd_0)                                            |                                design_1_xbar_0_axi_crossbar_v2_1_27_crossbar_sasd |          1 |          1 |       0 |    0 |   11 |      0 |      0 |          0 |
|             addr_arbiter_inst                                                     |                            design_1_xbar_0_axi_crossbar_v2_1_27_addr_arbiter_sasd |         76 |         76 |       0 |    0 |   32 |      0 |      0 |          0 |
|             gen_decerr.decerr_slave_inst                                          |                                 design_1_xbar_0_axi_crossbar_v2_1_27_decerr_slave |          9 |          9 |       0 |    0 |    4 |      0 |      0 |          0 |
|             reg_slice_r                                                           |                    design_1_xbar_0_axi_register_slice_v2_1_26_axic_register_slice |        108 |        108 |       0 |    0 |   74 |      0 |      0 |          0 |
|             splitter_ar                                                           |                     design_1_xbar_0_axi_crossbar_v2_1_27_splitter__parameterized0 |          4 |          4 |       0 |    0 |    2 |      0 |      0 |          0 |
|             splitter_aw                                                           |                                     design_1_xbar_0_axi_crossbar_v2_1_27_splitter |         12 |         12 |       0 |    0 |    3 |      0 |      0 |          0 |
|     axi_interconnect_1                                                            |                                                     design_1_axi_interconnect_1_0 |        954 |        898 |      10 |   46 | 1102 |      0 |      0 |          0 |
|       m00_couplers                                                                |                                                          m00_couplers_imp_1FDLJBY |        334 |        324 |      10 |    0 |  384 |      0 |      0 |          0 |
|         auto_pc                                                                   |                                                                design_1_auto_pc_1 |        334 |        324 |      10 |    0 |  384 |      0 |      0 |          0 |
|           (auto_pc)                                                               |                                                                design_1_auto_pc_1 |          0 |          0 |       0 |    0 |    0 |      0 |      0 |          0 |
|           inst                                                                    |          design_1_auto_pc_1_axi_protocol_converter_v2_1_26_axi_protocol_converter |        334 |        324 |      10 |    0 |  384 |      0 |      0 |          0 |
|             gen_axi4_axi3.axi3_conv_inst                                          |                       design_1_auto_pc_1_axi_protocol_converter_v2_1_26_axi3_conv |        334 |        324 |      10 |    0 |  384 |      0 |      0 |          0 |
|               USE_READ.USE_SPLIT_R.read_addr_inst                                 |     design_1_auto_pc_1_axi_protocol_converter_v2_1_26_a_axi3_conv__parameterized0 |        132 |        130 |       2 |    0 |  151 |      0 |      0 |          0 |
|                 (USE_READ.USE_SPLIT_R.read_addr_inst)                             |     design_1_auto_pc_1_axi_protocol_converter_v2_1_26_a_axi3_conv__parameterized0 |         86 |         86 |       0 |    0 |  113 |      0 |      0 |          0 |
|                 USE_R_CHANNEL.cmd_queue                                           |                design_1_auto_pc_1_axi_data_fifo_v2_1_25_axic_fifo__parameterized0 |         47 |         45 |       2 |    0 |   38 |      0 |      0 |          0 |
|                   inst                                                            |                 design_1_auto_pc_1_axi_data_fifo_v2_1_25_fifo_gen__parameterized0 |         47 |         45 |       2 |    0 |   38 |      0 |      0 |          0 |
|                     (inst)                                                        |                 design_1_auto_pc_1_axi_data_fifo_v2_1_25_fifo_gen__parameterized0 |         19 |         19 |       0 |    0 |    0 |      0 |      0 |          0 |
|                     fifo_gen_inst                                                 |                         design_1_auto_pc_1_fifo_generator_v13_2_7__parameterized0 |         28 |         26 |       2 |    0 |   38 |      0 |      0 |          0 |
|                       inst_fifo_gen                                               |                   design_1_auto_pc_1_fifo_generator_v13_2_7_synth__parameterized0 |         28 |         26 |       2 |    0 |   38 |      0 |      0 |          0 |
|                         gconvfifo.rf                                              |                             design_1_auto_pc_1_fifo_generator_top__parameterized0 |         28 |         26 |       2 |    0 |   38 |      0 |      0 |          0 |
|                           grf.rf                                                  |                         design_1_auto_pc_1_fifo_generator_ramfifo__parameterized0 |         28 |         26 |       2 |    0 |   38 |      0 |      0 |          0 |
|                             gntv_or_sync_fifo.gl0.rd                              |                                                     design_1_auto_pc_1_rd_logic_9 |          9 |          9 |       0 |    0 |   20 |      0 |      0 |          0 |
|                               gr1.gr1_int.rfwft                                   |                                                     design_1_auto_pc_1_rd_fwft_13 |          6 |          6 |       0 |    0 |    8 |      0 |      0 |          0 |
|                               grss.rsts                                           |                                          design_1_auto_pc_1_rd_status_flags_ss_14 |          0 |          0 |       0 |    0 |    2 |      0 |      0 |          0 |
|                               rpntr                                               |                                                 design_1_auto_pc_1_rd_bin_cntr_15 |          3 |          3 |       0 |    0 |   10 |      0 |      0 |          0 |
|                             gntv_or_sync_fifo.gl0.wr                              |                                                    design_1_auto_pc_1_wr_logic_10 |         12 |         12 |       0 |    0 |   12 |      0 |      0 |          0 |
|                               gwss.wsts                                           |                                          design_1_auto_pc_1_wr_status_flags_ss_11 |          2 |          2 |       0 |    0 |    2 |      0 |      0 |          0 |
|                               wpntr                                               |                                                 design_1_auto_pc_1_wr_bin_cntr_12 |         11 |         11 |       0 |    0 |   10 |      0 |      0 |          0 |
|                             gntv_or_sync_fifo.mem                                 |                                         design_1_auto_pc_1_memory__parameterized0 |          3 |          1 |       2 |    0 |    2 |      0 |      0 |          0 |
|                               (gntv_or_sync_fifo.mem)                             |                                         design_1_auto_pc_1_memory__parameterized0 |          0 |          0 |       0 |    0 |    1 |      0 |      0 |          0 |
|                               gdm.dm_gen.dm                                       |                                           design_1_auto_pc_1_dmem__parameterized0 |          3 |          1 |       2 |    0 |    1 |      0 |      0 |          0 |
|                             rstblk                                                |                                              design_1_auto_pc_1_reset_blk_ramfifo |          4 |          4 |       0 |    0 |    4 |      0 |      0 |          0 |
|                               (rstblk)                                            |                                              design_1_auto_pc_1_reset_blk_ramfifo |          4 |          4 |       0 |    0 |    2 |      0 |      0 |          0 |
|                               ngwrdrst.grst.g7serrst.gnsckt_wrst.rst_wr_reg2_inst |                                              design_1_auto_pc_1_xpm_cdc_async_rst |          0 |          0 |       0 |    0 |    2 |      0 |      0 |          0 |
|               USE_WRITE.USE_SPLIT_W.write_resp_inst                               |                     design_1_auto_pc_1_axi_protocol_converter_v2_1_26_b_downsizer |          9 |          9 |       0 |    0 |    7 |      0 |      0 |          0 |
|               USE_WRITE.write_addr_inst                                           |                     design_1_auto_pc_1_axi_protocol_converter_v2_1_26_a_axi3_conv |        181 |        173 |       8 |    0 |  217 |      0 |      0 |          0 |
|                 (USE_WRITE.write_addr_inst)                                       |                     design_1_auto_pc_1_axi_protocol_converter_v2_1_26_a_axi3_conv |         85 |         85 |       0 |    0 |  125 |      0 |      0 |          0 |
|                 USE_BURSTS.cmd_queue                                              |                     design_1_auto_pc_1_axi_data_fifo_v2_1_25_axic_fifo__xdcDup__1 |         51 |         47 |       4 |    0 |   46 |      0 |      0 |          0 |
|                   inst                                                            |                      design_1_auto_pc_1_axi_data_fifo_v2_1_25_fifo_gen__xdcDup__1 |         51 |         47 |       4 |    0 |   46 |      0 |      0 |          0 |
|                     (inst)                                                        |                      design_1_auto_pc_1_axi_data_fifo_v2_1_25_fifo_gen__xdcDup__1 |         21 |         21 |       0 |    0 |    0 |      0 |      0 |          0 |
|                     fifo_gen_inst                                                 |                              design_1_auto_pc_1_fifo_generator_v13_2_7__xdcDup__1 |         30 |         26 |       4 |    0 |   46 |      0 |      0 |          0 |
|                       inst_fifo_gen                                               |                        design_1_auto_pc_1_fifo_generator_v13_2_7_synth__xdcDup__1 |         30 |         26 |       4 |    0 |   46 |      0 |      0 |          0 |
|                         gconvfifo.rf                                              |                                  design_1_auto_pc_1_fifo_generator_top__xdcDup__1 |         30 |         26 |       4 |    0 |   46 |      0 |      0 |          0 |
|                           grf.rf                                                  |                              design_1_auto_pc_1_fifo_generator_ramfifo__xdcDup__1 |         30 |         26 |       4 |    0 |   46 |      0 |      0 |          0 |
|                             gntv_or_sync_fifo.gl0.rd                              |                                                     design_1_auto_pc_1_rd_logic_0 |          9 |          9 |       0 |    0 |   20 |      0 |      0 |          0 |
|                               gr1.gr1_int.rfwft                                   |                                                      design_1_auto_pc_1_rd_fwft_6 |          6 |          6 |       0 |    0 |    8 |      0 |      0 |          0 |
|                               grss.rsts                                           |                                           design_1_auto_pc_1_rd_status_flags_ss_7 |          0 |          0 |       0 |    0 |    2 |      0 |      0 |          0 |
|                               rpntr                                               |                                                  design_1_auto_pc_1_rd_bin_cntr_8 |          3 |          3 |       0 |    0 |   10 |      0 |      0 |          0 |
|                             gntv_or_sync_fifo.gl0.wr                              |                                                     design_1_auto_pc_1_wr_logic_1 |         12 |         12 |       0 |    0 |   12 |      0 |      0 |          0 |
|                               gwss.wsts                                           |                                           design_1_auto_pc_1_wr_status_flags_ss_4 |          2 |          2 |       0 |    0 |    2 |      0 |      0 |          0 |
|                               wpntr                                               |                                                  design_1_auto_pc_1_wr_bin_cntr_5 |         11 |         11 |       0 |    0 |   10 |      0 |      0 |          0 |
|                             gntv_or_sync_fifo.mem                                 |                                                       design_1_auto_pc_1_memory_2 |          4 |          0 |       4 |    0 |   10 |      0 |      0 |          0 |
|                               (gntv_or_sync_fifo.mem)                             |                                                       design_1_auto_pc_1_memory_2 |          0 |          0 |       0 |    0 |    5 |      0 |      0 |          0 |
|                               gdm.dm_gen.dm                                       |                                                         design_1_auto_pc_1_dmem_3 |          4 |          0 |       4 |    0 |    5 |      0 |      0 |          0 |
|                             rstblk                                                |                                   design_1_auto_pc_1_reset_blk_ramfifo__xdcDup__1 |          5 |          5 |       0 |    0 |    4 |      0 |      0 |          0 |
|                               (rstblk)                                            |                                   design_1_auto_pc_1_reset_blk_ramfifo__xdcDup__1 |          5 |          5 |       0 |    0 |    2 |      0 |      0 |          0 |
|                               ngwrdrst.grst.g7serrst.gnsckt_wrst.rst_wr_reg2_inst |                                           design_1_auto_pc_1_xpm_cdc_async_rst__3 |          0 |          0 |       0 |    0 |    2 |      0 |      0 |          0 |
|                 USE_B_CHANNEL.cmd_b_queue                                         |                                design_1_auto_pc_1_axi_data_fifo_v2_1_25_axic_fifo |         46 |         42 |       4 |    0 |   46 |      0 |      0 |          0 |
|                   inst                                                            |                                 design_1_auto_pc_1_axi_data_fifo_v2_1_25_fifo_gen |         46 |         42 |       4 |    0 |   46 |      0 |      0 |          0 |
|                     (inst)                                                        |                                 design_1_auto_pc_1_axi_data_fifo_v2_1_25_fifo_gen |         16 |         16 |       0 |    0 |    0 |      0 |      0 |          0 |
|                     fifo_gen_inst                                                 |                                         design_1_auto_pc_1_fifo_generator_v13_2_7 |         30 |         26 |       4 |    0 |   46 |      0 |      0 |          0 |
|                       inst_fifo_gen                                               |                                   design_1_auto_pc_1_fifo_generator_v13_2_7_synth |         30 |         26 |       4 |    0 |   46 |      0 |      0 |          0 |
|                         gconvfifo.rf                                              |                                             design_1_auto_pc_1_fifo_generator_top |         30 |         26 |       4 |    0 |   46 |      0 |      0 |          0 |
|                           grf.rf                                                  |                                         design_1_auto_pc_1_fifo_generator_ramfifo |         30 |         26 |       4 |    0 |   46 |      0 |      0 |          0 |
|                             gntv_or_sync_fifo.gl0.rd                              |                                                       design_1_auto_pc_1_rd_logic |          9 |          9 |       0 |    0 |   20 |      0 |      0 |          0 |
|                               gr1.gr1_int.rfwft                                   |                                                        design_1_auto_pc_1_rd_fwft |          6 |          6 |       0 |    0 |    8 |      0 |      0 |          0 |
|                               grss.rsts                                           |                                             design_1_auto_pc_1_rd_status_flags_ss |          0 |          0 |       0 |    0 |    2 |      0 |      0 |          0 |
|                               rpntr                                               |                                                    design_1_auto_pc_1_rd_bin_cntr |          3 |          3 |       0 |    0 |   10 |      0 |      0 |          0 |
|                             gntv_or_sync_fifo.gl0.wr                              |                                                       design_1_auto_pc_1_wr_logic |         12 |         12 |       0 |    0 |   12 |      0 |      0 |          0 |
|                               gwss.wsts                                           |                                             design_1_auto_pc_1_wr_status_flags_ss |          2 |          2 |       0 |    0 |    2 |      0 |      0 |          0 |
|                               wpntr                                               |                                                    design_1_auto_pc_1_wr_bin_cntr |         11 |         11 |       0 |    0 |   10 |      0 |      0 |          0 |
|                             gntv_or_sync_fifo.mem                                 |                                                         design_1_auto_pc_1_memory |          4 |          0 |       4 |    0 |   10 |      0 |      0 |          0 |
|                               (gntv_or_sync_fifo.mem)                             |                                                         design_1_auto_pc_1_memory |          0 |          0 |       0 |    0 |    5 |      0 |      0 |          0 |
|                               gdm.dm_gen.dm                                       |                                                           design_1_auto_pc_1_dmem |          4 |          0 |       4 |    0 |    5 |      0 |      0 |          0 |
|                             rstblk                                                |                                   design_1_auto_pc_1_reset_blk_ramfifo__xdcDup__2 |          5 |          5 |       0 |    0 |    4 |      0 |      0 |          0 |
|                               (rstblk)                                            |                                   design_1_auto_pc_1_reset_blk_ramfifo__xdcDup__2 |          5 |          5 |       0 |    0 |    2 |      0 |      0 |          0 |
|                               ngwrdrst.grst.g7serrst.gnsckt_wrst.rst_wr_reg2_inst |                                           design_1_auto_pc_1_xpm_cdc_async_rst__4 |          0 |          0 |       0 |    0 |    2 |      0 |      0 |          0 |
|               USE_WRITE.write_data_inst                                           |                     design_1_auto_pc_1_axi_protocol_converter_v2_1_26_w_axi3_conv |         15 |         15 |       0 |    0 |    9 |      0 |      0 |          0 |
|       s00_couplers                                                                |                                                           s00_couplers_imp_HS4N6K |        159 |        138 |       0 |   21 |  228 |      0 |      0 |          0 |
|         auto_us                                                                   |                                                                design_1_auto_us_0 |        159 |        138 |       0 |   21 |  228 |      0 |      0 |          0 |
|           inst                                                                    |                               design_1_auto_us_0_axi_dwidth_converter_v2_1_26_top |        159 |        138 |       0 |   21 |  228 |      0 |      0 |          0 |
|             gen_upsizer.gen_full_upsizer.axi_upsizer_inst                         |                       design_1_auto_us_0_axi_dwidth_converter_v2_1_26_axi_upsizer |        159 |        138 |       0 |   21 |  228 |      0 |      0 |          0 |
|               USE_READ.gen_non_fifo_r_upsizer.mi_register_slice_inst              |                  design_1_auto_us_0_axi_register_slice_v2_1_26_axi_register_slice |         36 |         36 |       0 |    0 |  136 |      0 |      0 |          0 |
|                 r.r_pipe                                                          | design_1_auto_us_0_axi_register_slice_v2_1_26_axic_register_slice__parameterized2 |         36 |         36 |       0 |    0 |  136 |      0 |      0 |          0 |
|               USE_READ.gen_non_fifo_r_upsizer.read_data_inst                      |                         design_1_auto_us_0_axi_dwidth_converter_v2_1_26_r_upsizer |         54 |         54 |       0 |    0 |   18 |      0 |      0 |          0 |
|               USE_READ.read_addr_inst                                             |                         design_1_auto_us_0_axi_dwidth_converter_v2_1_26_a_upsizer |         48 |         27 |       0 |   21 |   30 |      0 |      0 |          0 |
|                 (USE_READ.read_addr_inst)                                         |                         design_1_auto_us_0_axi_dwidth_converter_v2_1_26_a_upsizer |          0 |          0 |       0 |    0 |    1 |      0 |      0 |          0 |
|                 GEN_CMD_QUEUE.cmd_queue                                           |                         design_1_auto_us_0_generic_baseblocks_v2_1_0_command_fifo |         48 |         27 |       0 |   21 |   29 |      0 |      0 |          0 |
|               si_register_slice_inst                                              |  design_1_auto_us_0_axi_register_slice_v2_1_26_axi_register_slice__parameterized0 |         25 |         25 |       0 |    0 |   44 |      0 |      0 |          0 |
|                 ar.ar_pipe                                                        |                 design_1_auto_us_0_axi_register_slice_v2_1_26_axic_register_slice |         25 |         25 |       0 |    0 |   44 |      0 |      0 |          0 |
|       s01_couplers                                                                |                                                          s01_couplers_imp_1CMTC59 |        181 |        159 |       0 |   22 |  166 |      0 |      0 |          0 |
|         auto_us                                                                   |                                                                design_1_auto_us_1 |        181 |        159 |       0 |   22 |  166 |      0 |      0 |          0 |
|           inst                                                                    |                               design_1_auto_us_1_axi_dwidth_converter_v2_1_26_top |        181 |        159 |       0 |   22 |  166 |      0 |      0 |          0 |
|             gen_upsizer.gen_full_upsizer.axi_upsizer_inst                         |                       design_1_auto_us_1_axi_dwidth_converter_v2_1_26_axi_upsizer |        181 |        159 |       0 |   22 |  166 |      0 |      0 |          0 |
|               USE_WRITE.gen_non_fifo_w_upsizer.write_data_inst                    |                         design_1_auto_us_1_axi_dwidth_converter_v2_1_26_w_upsizer |         99 |         99 |       0 |    0 |   90 |      0 |      0 |          0 |
|               USE_WRITE.write_addr_inst                                           |                         design_1_auto_us_1_axi_dwidth_converter_v2_1_26_a_upsizer |         56 |         34 |       0 |   22 |   31 |      0 |      0 |          0 |
|                 (USE_WRITE.write_addr_inst)                                       |                         design_1_auto_us_1_axi_dwidth_converter_v2_1_26_a_upsizer |          0 |          0 |       0 |    0 |    1 |      0 |      0 |          0 |
|                 GEN_CMD_QUEUE.cmd_queue                                           |                         design_1_auto_us_1_generic_baseblocks_v2_1_0_command_fifo |         56 |         34 |       0 |   22 |   30 |      0 |      0 |          0 |
|               si_register_slice_inst                                              |                  design_1_auto_us_1_axi_register_slice_v2_1_26_axi_register_slice |         29 |         29 |       0 |    0 |   45 |      0 |      0 |          0 |
|                 aw.aw_pipe                                                        |                 design_1_auto_us_1_axi_register_slice_v2_1_26_axic_register_slice |         29 |         29 |       0 |    0 |   45 |      0 |      0 |          0 |
|       xbar                                                                        |                                                                   design_1_xbar_1 |        281 |        278 |       0 |    3 |  324 |      0 |      0 |          0 |
|         inst                                                                      |                                 design_1_xbar_1_axi_crossbar_v2_1_27_axi_crossbar |        281 |        278 |       0 |    3 |  324 |      0 |      0 |          0 |
|           gen_samd.crossbar_samd                                                  |                                     design_1_xbar_1_axi_crossbar_v2_1_27_crossbar |        281 |        278 |       0 |    3 |  324 |      0 |      0 |          0 |
|             (gen_samd.crossbar_samd)                                              |                                     design_1_xbar_1_axi_crossbar_v2_1_27_crossbar |          2 |          2 |       0 |    0 |   11 |      0 |      0 |          0 |
|             addr_arbiter_ar                                                       |                                 design_1_xbar_1_axi_crossbar_v2_1_27_addr_arbiter |         20 |         20 |       0 |    0 |   51 |      0 |      0 |          0 |
|             addr_arbiter_aw                                                       |                               design_1_xbar_1_axi_crossbar_v2_1_27_addr_arbiter_0 |         44 |         44 |       0 |    0 |   53 |      0 |      0 |          0 |
|             gen_decerr_slave.decerr_slave_inst                                    |                                 design_1_xbar_1_axi_crossbar_v2_1_27_decerr_slave |         24 |         24 |       0 |    0 |   18 |      0 |      0 |          0 |
|             gen_master_slots[0].gen_mi_write.wdata_mux_w                          |                                    design_1_xbar_1_axi_crossbar_v2_1_27_wdata_mux |         48 |         47 |       0 |    1 |    8 |      0 |      0 |          0 |
|               gen_wmux.wmux_aw_fifo                                               |           design_1_xbar_1_axi_data_fifo_v2_1_25_axic_reg_srl_fifo__parameterized0 |         48 |         47 |       0 |    1 |    8 |      0 |      0 |          0 |
|                 (gen_wmux.wmux_aw_fifo)                                           |           design_1_xbar_1_axi_data_fifo_v2_1_25_axic_reg_srl_fifo__parameterized0 |         45 |         45 |       0 |    0 |    8 |      0 |      0 |          0 |
|                 gen_srls[0].gen_rep[0].srl_nx1                                    |                 design_1_xbar_1_axi_data_fifo_v2_1_25_ndeep_srl__parameterized0_5 |          3 |          2 |       0 |    1 |    0 |      0 |      0 |          0 |
|             gen_master_slots[0].reg_slice_mi                                      |                     design_1_xbar_1_axi_register_slice_v2_1_26_axi_register_slice |         61 |         61 |       0 |    0 |  142 |      0 |      0 |          0 |
|               b.b_pipe                                                            |  design_1_xbar_1_axi_register_slice_v2_1_26_axic_register_slice__parameterized1_3 |          8 |          8 |       0 |    0 |    6 |      0 |      0 |          0 |
|               r.r_pipe                                                            |  design_1_xbar_1_axi_register_slice_v2_1_26_axic_register_slice__parameterized2_4 |         53 |         53 |       0 |    0 |  136 |      0 |      0 |          0 |
|             gen_master_slots[1].gen_mi_write.wdata_mux_w                          |                    design_1_xbar_1_axi_crossbar_v2_1_27_wdata_mux__parameterized0 |         13 |         12 |       0 |    1 |    7 |      0 |      0 |          0 |
|               gen_wmux.wmux_aw_fifo                                               |           design_1_xbar_1_axi_data_fifo_v2_1_25_axic_reg_srl_fifo__parameterized1 |         13 |         12 |       0 |    1 |    7 |      0 |      0 |          0 |
|                 (gen_wmux.wmux_aw_fifo)                                           |           design_1_xbar_1_axi_data_fifo_v2_1_25_axic_reg_srl_fifo__parameterized1 |         10 |         10 |       0 |    0 |    7 |      0 |      0 |          0 |
|                 gen_srls[0].gen_rep[0].srl_nx1                                    |                   design_1_xbar_1_axi_data_fifo_v2_1_25_ndeep_srl__parameterized1 |          3 |          2 |       0 |    1 |    0 |      0 |      0 |          0 |
|             gen_master_slots[1].reg_slice_mi                                      |                   design_1_xbar_1_axi_register_slice_v2_1_26_axi_register_slice_1 |         10 |         10 |       0 |    0 |    8 |      0 |      0 |          0 |
|               b.b_pipe                                                            |    design_1_xbar_1_axi_register_slice_v2_1_26_axic_register_slice__parameterized1 |          5 |          5 |       0 |    0 |    4 |      0 |      0 |          0 |
|               r.r_pipe                                                            |    design_1_xbar_1_axi_register_slice_v2_1_26_axic_register_slice__parameterized2 |          5 |          5 |       0 |    0 |    4 |      0 |      0 |          0 |
|             gen_slave_slots[0].gen_si_read.si_transactor_ar                       |                                design_1_xbar_1_axi_crossbar_v2_1_27_si_transactor |         26 |         26 |       0 |    0 |    6 |      0 |      0 |          0 |
|             gen_slave_slots[1].gen_si_write.si_transactor_aw                      |                design_1_xbar_1_axi_crossbar_v2_1_27_si_transactor__parameterized0 |          7 |          7 |       0 |    0 |    6 |      0 |      0 |          0 |
|             gen_slave_slots[1].gen_si_write.splitter_aw_si                        |                                     design_1_xbar_1_axi_crossbar_v2_1_27_splitter |          6 |          6 |       0 |    0 |    2 |      0 |      0 |          0 |
|             gen_slave_slots[1].gen_si_write.wdata_router_w                        |                                 design_1_xbar_1_axi_crossbar_v2_1_27_wdata_router |         18 |         17 |       0 |    1 |   10 |      0 |      0 |          0 |
|               wrouter_aw_fifo                                                     |                           design_1_xbar_1_axi_data_fifo_v2_1_25_axic_reg_srl_fifo |         18 |         17 |       0 |    1 |   10 |      0 |      0 |          0 |
|                 (wrouter_aw_fifo)                                                 |                           design_1_xbar_1_axi_data_fifo_v2_1_25_axic_reg_srl_fifo |         14 |         14 |       0 |    0 |   10 |      0 |      0 |          0 |
|                 gen_srls[0].gen_rep[0].srl_nx1                                    |                   design_1_xbar_1_axi_data_fifo_v2_1_25_ndeep_srl__parameterized0 |          4 |          3 |       0 |    1 |    0 |      0 |      0 |          0 |
|             splitter_aw_mi                                                        |                                   design_1_xbar_1_axi_crossbar_v2_1_27_splitter_2 |          2 |          2 |       0 |    0 |    2 |      0 |      0 |          0 |
|     frame_diff_0                                                                  |                                                           design_1_frame_diff_0_0 |        213 |        213 |       0 |    0 |  206 |     24 |      0 |          0 |
|       inst                                                                        |                                                design_1_frame_diff_0_0_frame_diff |        213 |        213 |       0 |    0 |  206 |     24 |      0 |          0 |
|         (inst)                                                                    |                                                design_1_frame_diff_0_0_frame_diff |          3 |          3 |       0 |    0 |   33 |      0 |      0 |          0 |
|         CTRL_s_axi_U                                                              |                                     design_1_frame_diff_0_0_frame_diff_CTRL_s_axi |        108 |        108 |       0 |    0 |  118 |      0 |      0 |          0 |
|         previous_frame_V_U                                                        |             design_1_frame_diff_0_0_frame_diff_previous_frame_V_RAM_T2P_BRAM_1R1W |         53 |         53 |       0 |    0 |    3 |     24 |      0 |          0 |
|         regslice_both_in_stream_V_data_V_U                                        |                                  design_1_frame_diff_0_0_frame_diff_regslice_both |         12 |         12 |       0 |    0 |   20 |      0 |      0 |          0 |
|         regslice_both_in_stream_V_last_V_U                                        |                  design_1_frame_diff_0_0_frame_diff_regslice_both__parameterized1 |          7 |          7 |       0 |    0 |    6 |      0 |      0 |          0 |
|         regslice_both_out_stream_V_data_V_U                                       |                                design_1_frame_diff_0_0_frame_diff_regslice_both_0 |         26 |         26 |       0 |    0 |   20 |      0 |      0 |          0 |
|         regslice_both_out_stream_V_last_V_U                                       |                design_1_frame_diff_0_0_frame_diff_regslice_both__parameterized1_1 |          6 |          6 |       0 |    0 |    6 |      0 |      0 |          0 |
|     morphology_0                                                                  |                                                           design_1_morphology_0_0 |        195 |        195 |       0 |    0 |  266 |      0 |      2 |          0 |
|       inst                                                                        |                                                design_1_morphology_0_0_morphology |        195 |        195 |       0 |    0 |  266 |      0 |      2 |          0 |
|         (inst)                                                                    |                                                design_1_morphology_0_0_morphology |         22 |         22 |       0 |    0 |  110 |      0 |      0 |          0 |
|         CTRL_s_axi_U                                                              |                                     design_1_morphology_0_0_morphology_CTRL_s_axi |        108 |        108 |       0 |    0 |  118 |      0 |      0 |          0 |
|         line_buffer_0_V_U                                                         |              design_1_morphology_0_0_morphology_line_buffer_0_V_RAM_T2P_BRAM_1R1W |          8 |          8 |       0 |    0 |    0 |      0 |      1 |          0 |
|         line_buffer_1_V_U                                                         |              design_1_morphology_0_0_morphology_line_buffer_1_V_RAM_T2P_BRAM_1R1W |          6 |          6 |       0 |    0 |    0 |      0 |      1 |          0 |
|         regslice_both_in_stream_V_data_V_U                                        |                                  design_1_morphology_0_0_morphology_regslice_both |         24 |         24 |       0 |    0 |   20 |      0 |      0 |          0 |
|         regslice_both_in_stream_V_last_V_U                                        |                  design_1_morphology_0_0_morphology_regslice_both__parameterized1 |          6 |          6 |       0 |    0 |    6 |      0 |      0 |          0 |
|         regslice_both_out_stream_V_data_V_U                                       |                                design_1_morphology_0_0_morphology_regslice_both_0 |         17 |         17 |       0 |    0 |    6 |      0 |      0 |          0 |
|         regslice_both_out_stream_V_last_V_U                                       |                design_1_morphology_0_0_morphology_regslice_both__parameterized1_1 |          6 |          6 |       0 |    0 |    6 |      0 |      0 |          0 |
|     proc_sys_reset_0                                                              |                                                       design_1_proc_sys_reset_0_0 |         18 |         17 |       0 |    1 |   37 |      0 |      0 |          0 |
|       U0                                                                          |                                        design_1_proc_sys_reset_0_0_proc_sys_reset |         18 |         17 |       0 |    1 |   37 |      0 |      0 |          0 |
|         (U0)                                                                      |                                        design_1_proc_sys_reset_0_0_proc_sys_reset |          0 |          0 |       0 |    0 |    2 |      0 |      0 |          0 |
|         EXT_LPF                                                                   |                                                   design_1_proc_sys_reset_0_0_lpf |          5 |          4 |       0 |    1 |   17 |      0 |      0 |          0 |
|           (EXT_LPF)                                                               |                                                   design_1_proc_sys_reset_0_0_lpf |          2 |          1 |       0 |    1 |    9 |      0 |      0 |          0 |
|           ACTIVE_LOW_AUX.ACT_LO_AUX                                               |                                              design_1_proc_sys_reset_0_0_cdc_sync |          1 |          1 |       0 |    0 |    4 |      0 |      0 |          0 |
|           ACTIVE_LOW_EXT.ACT_LO_EXT                                               |                                            design_1_proc_sys_reset_0_0_cdc_sync_0 |          2 |          2 |       0 |    0 |    4 |      0 |      0 |          0 |
|         SEQ                                                                       |                                          design_1_proc_sys_reset_0_0_sequence_psr |         13 |         13 |       0 |    0 |   18 |      0 |      0 |          0 |
|           (SEQ)                                                                   |                                          design_1_proc_sys_reset_0_0_sequence_psr |          8 |          8 |       0 |    0 |   12 |      0 |      0 |          0 |
|           SEQ_COUNTER                                                             |                                               design_1_proc_sys_reset_0_0_upcnt_n |          5 |          5 |       0 |    0 |    6 |      0 |      0 |          0 |
|     processing_system7_0                                                          |                                                   design_1_processing_system7_0_0 |          0 |          0 |       0 |    0 |    0 |      0 |      0 |          0 |
|       inst                                                                        |        design_1_processing_system7_0_0_processing_system7_v5_5_processing_system7 |          0 |          0 |       0 |    0 |    0 |      0 |      0 |          0 |
|     rgb2gray_0                                                                    |                                                             design_1_rgb2gray_0_0 |        175 |        175 |       0 |    0 |  233 |      0 |      0 |          3 |
|       inst                                                                        |                                                    design_1_rgb2gray_0_0_rgb2gray |        175 |        175 |       0 |    0 |  233 |      0 |      0 |          3 |
|         (inst)                                                                    |                                                    design_1_rgb2gray_0_0_rgb2gray |          2 |          2 |       0 |    0 |   31 |      0 |      0 |          0 |
|         CTRL_s_axi_U                                                              |                                         design_1_rgb2gray_0_0_rgb2gray_CTRL_s_axi |        107 |        107 |       0 |    0 |  118 |      0 |      0 |          0 |
|         mac_muladd_8ns_5ns_16ns_16_4_1_U3                                         |                     design_1_rgb2gray_0_0_rgb2gray_mac_muladd_8ns_5ns_16ns_16_4_1 |          0 |          0 |       0 |    0 |    0 |      0 |      0 |          1 |
|           rgb2gray_mac_muladd_8ns_5ns_16ns_16_4_1_DSP48_1_U                       |             design_1_rgb2gray_0_0_rgb2gray_mac_muladd_8ns_5ns_16ns_16_4_1_DSP48_1 |          0 |          0 |       0 |    0 |    0 |      0 |      0 |          1 |
|         mac_muladd_8ns_7ns_16ns_16_4_1_U2                                         |                     design_1_rgb2gray_0_0_rgb2gray_mac_muladd_8ns_7ns_16ns_16_4_1 |          0 |          0 |       0 |    0 |    0 |      0 |      0 |          2 |
|           rgb2gray_mac_muladd_8ns_7ns_16ns_16_4_1_DSP48_0_U                       |             design_1_rgb2gray_0_0_rgb2gray_mac_muladd_8ns_7ns_16ns_16_4_1_DSP48_0 |          0 |          0 |       0 |    0 |    0 |      0 |      0 |          2 |
|         regslice_both_in_stream_V_data_V_U                                        |                                      design_1_rgb2gray_0_0_rgb2gray_regslice_both |         32 |         32 |       0 |    0 |   52 |      0 |      0 |          0 |
|         regslice_both_in_stream_V_last_V_U                                        |                      design_1_rgb2gray_0_0_rgb2gray_regslice_both__parameterized1 |          7 |          7 |       0 |    0 |    6 |      0 |      0 |          0 |
|         regslice_both_out_stream_V_data_V_U                                       |                                    design_1_rgb2gray_0_0_rgb2gray_regslice_both_0 |         21 |         21 |       0 |    0 |   20 |      0 |      0 |          0 |
|         regslice_both_out_stream_V_last_V_U                                       |                    design_1_rgb2gray_0_0_rgb2gray_regslice_both__parameterized1_1 |          7 |          7 |       0 |    0 |    6 |      0 |      0 |          0 |
|     threshold_0                                                                   |                                                            design_1_threshold_0_0 |        205 |        205 |       0 |    0 |  247 |      0 |      0 |          0 |
|       inst                                                                        |                                                  design_1_threshold_0_0_threshold |        205 |        205 |       0 |    0 |  247 |      0 |      0 |          0 |
|         (inst)                                                                    |                                                  design_1_threshold_0_0_threshold |         13 |         13 |       0 |    0 |   58 |      0 |      0 |          0 |
|         CTRL_s_axi_U                                                              |                                       design_1_threshold_0_0_threshold_CTRL_s_axi |        132 |        132 |       0 |    0 |  151 |      0 |      0 |          0 |
|         regslice_both_in_stream_V_data_V_U                                        |                                    design_1_threshold_0_0_threshold_regslice_both |         29 |         29 |       0 |    0 |   20 |      0 |      0 |          0 |
|         regslice_both_in_stream_V_last_V_U                                        |                    design_1_threshold_0_0_threshold_regslice_both__parameterized1 |          7 |          7 |       0 |    0 |    6 |      0 |      0 |          0 |
|         regslice_both_out_stream_V_data_V_U                                       |                                  design_1_threshold_0_0_threshold_regslice_both_0 |         19 |         19 |       0 |    0 |    6 |      0 |      0 |          0 |
|         regslice_both_out_stream_V_last_V_U                                       |                  design_1_threshold_0_0_threshold_regslice_both__parameterized1_1 |          6 |          6 |       0 |    0 |    6 |      0 |      0 |          0 |
+-----------------------------------------------------------------------------------+-----------------------------------------------------------------------------------+------------+------------+---------+------+------+--------+--------+------------+
* Note: The sum of lower-level cells may be larger than their parent cells total, due to cross-hierarchy LUT combining


